MarketIndex, RecipeName, CostInputToMake, CostInputToBuy, CostOutputToSell, Profit, ProfitPerHour, Building, Pioneers, Settlers, Technicians, Engineers, Scientists, CostToBuyBuilding, BuildingStarter, HoursToMake, MaxProfitOnMarket
AI1, 50xFET 4xMFK=>1xMSL, 6478, -3890000, 100000, 93522, 5567, SKF, 0, 40, 10, 0, 0, 34942, , 16.8, 265566
AI1, 2xLDE 2xKV=>2xADE, 4474, 54300, 56000, 51526, 3578, PP4, 0, 0, 40, 30, 0, 393680, , 14.4, 614075
AI1, 100xPG 20xAST 8xTK=>1xAGS, 7474, -7952120, 170000, 162526, 3386, SPP, 0, 0, 50, 30, 0, 456055.97, , 48, 162526
AI1, 1xLES=>10xES, 800, 800, 40000, 39200, 3267, EEP, 0, 0, 0, 60, 40, 509605.97, , 12, 331180
AI1, 2xRBH 125xNR=>2xABH, 9797, 70488, 62000, 52203, 3107, PP4, 0, 0, 40, 30, 0, 393680, , 16.8, 773045
AI1, 2xHPC 1xLD=>32xPDA, 28640, -1991000, 67200, 38560, 2678, APF, 0, 0, 60, 20, 0, 1529800, , 14.4, 67985
AI1, 1xRSE 2xTI=>1xASE, 9346, 27169, 35000, 25654, 1943, PP4, 0, 0, 40, 30, 0, 393680, , 13.2, 283502
AI1, 80xPG 14xFAL 4xKV=>1xBGS, 6213, 96304, 60000, 53787, 1494, SPP, 0, 0, 50, 30, 0, 456055.97, , 36, 53787
AI1, 2xCA 1xMG 1xTA=>20xSC, 1128, 17065, 20000, 18872, 1210, CHP, 20, 60, 0, 0, 0, 18894, , 15.6, 4718
AI1, 6xBBH 10xBDE 10xBSE 50xSOI=>1xHAB, 9125, 69184, 60000, 50875, 1060, UPF, 20, 50, 0, 0, 0, 61117, , 48, 305250
AI1, 1xTC=>3xTCS, 1000, 25000, 13500, 12500, 1042, TNP, 0, 0, 80, 0, 0, 149480, , 12, 83333
AI1, 12xAL 1xSTL 1xHE=>4xBHP, 4265, -994020, 11000, 6735, 935, HWP, 0, 40, 10, 0, 0, 37490, , 7.2, 54498
AI1, =>1xIDC, 0, 0, 20000, 20000, 833, SL, 0, 0, 0, 0, 20, 502856, , 24, -20000
AI1, 12xAL 1xHE=>4xLHP, 1526, 5980, 7200, 5674, 788, HWP, 0, 40, 10, 0, 0, 37490, , 7.2, 62414
AI1, 2xBSE 1xSTL 225xEPO=>2xRSE, 7346, -225997000, 20000, 12654, 753, PP3, 0, 20, 40, 0, 0, 68650, , 16.8, 113886
AI1, 20xDW 15xGRA 15xREA 1xAMM=>10xWIN, 12119, -14993780, 25500, 13381, 697, FER, 0, 60, 0, 0, 0, 33385, , 19.2, 13381
AI1, =>1xEDC, 0, 0, 16000, 16000, 667, SE, 0, 0, 0, 30, 0, 348203.97, , 24, -16000
AI1, 20xTRN 10xH 10xN=>20xSEN, 4731, 6890, 9000, 4269, 613, SCA, 0, 0, 30, 0, 0, 219359, , 6.96, 174123
AI1, 150xPG 70xEPO=>1xDEC, 2849, -69995680, 10000, 7151, 596, POL, 10, 25, 0, 0, 0, 38686, , 12, 677949
AI1, 12xAL 4xTI 1xHE=>4xRHP, 3526, 15580, 12800, 9274, 552, HWP, 0, 40, 10, 0, 0, 37490, , 16.8, 18548
AI1, 60xH2O 2xDDT=>15xHOP, 1590, 6900, 27000, 25410, 529, ORC, 0, 70, 10, 0, 0, 712446, , 48, 223920
AI1, 5xBTS=>1xW, 2500, 2500, 10000, 7500, 521, AML, 0, 0, 20, 30, 0, 1289350, , 14.4, 50500
AI1, 40xH2O 2xDDT 4xSOI=>15xHOP, 6640, 7540, 27000, 20360, 485, ORC, 0, 70, 10, 0, 0, 712446, , 42, 163320
AI1, 2xLSE 1xTCS=>2xHSE, 2625, -987800, 10000, 7375, 473, PP3, 0, 20, 40, 0, 0, 68650, , 15.6, 73750
AI1, 8xGL 24xSOL=>12xSP, 14636, -23998200, 18000, 3364, 467, ECA, 0, 20, 20, 0, 0, 348653.97, , 7.2, -280
AI1, 2xWAL 1xSI 1xO=>1xCTF, 6541, 10620, 11000, 4459, 464, ASM, 0, 0, 50, 20, 0, 68320, , 9.6, 66885
AI1, 50xPE 1xAL 4xCOT 1xHER=>16xMED, 3433, -989236, 11200, 7767, 405, CHP, 20, 60, 0, 0, 0, 18894, , 19.2, 123031
AI1, 3xAL 1xNL=>1xLDE, 1625, 5055, 4000, 2375, 396, PP2, 25, 25, 0, 0, 0, 32391, , 6, 84779
AI1, 1xTCO=>1xTC 1xO, 1000, 1000, 7100, 6100, 374, TNP, 0, 0, 80, 0, 0, 149480, , 16.32, 42000
AI1, 120xPG 3xAL=>1xLSE, 1625, 4911, 3600, 1975, 329, PP2, 25, 25, 0, 0, 0, 32391, , 6, 69929
AI1, 20xOVE 10xC=>20xSUN, 439, 5638, 2000, 1561, 325, BMP, 100, 0, 0, 0, 0, 22390, Manu/Const, 4.8, 1561
AI1, 1xPPA 1xNS 1xHCP=>4xMTP, 594, -999625, 6400, 5806, 323, IVP, 0, 0, 70, 0, 0, 286115.97, , 18, 29030
AI1, 75xPG 5xTCL=>1xKV, 2849, 13160, 9000, 6151, 320, WPL, 0, 70, 0, 0, 0, 41530, , 19.2, 123020
AI1, 1xCOT 50xPG=>20xPWO, 556, 3930, 2760, 2204, 306, BMP, 100, 0, 0, 0, 0, 22390, Manu/Const, 7.2, 19376
AI1, 2xGRN 2xDW 1xES 1xAMM=>4xGIN, 1279, -999280, 6000, 4721, 303, FER, 0, 60, 0, 0, 0, 33385, , 15.6, 35408
AI1, 1xNL 1xIND 6xGC=>10xHMS, 7037, 6850, 12000, 4964, 295, CLF, 0, 40, 0, 0, 0, 45598, , 16.8, 77745
AI1, 100xPE 4xCU=>8xSCN, 2374, 5438, 10400, 8026, 279, EDM, 0, 50, 0, 0, 0, 77620, , 28.8, 101515
AI1, 2xFIM 1xMTP=>2xMEA, 2481, -995450, 6400, 3919, 251, FP, 40, 0, 0, 0, 0, 17994, Vict, 15.6, 284386
AI1, 1xC 1xH 1xCL=>3xDDT, 1590, 2990, 6075, 4485, 249, LAB, 0, 20, 70, 0, 0, 124200, , 18, 112456
AI1, 75xPG=>1xBDE, 259, 2160, 1602, 1343, 224, PP2, 25, 25, 0, 0, 0, 32391, , 6, 22806
AI1, 5xNUT 5xMAI 5xVEG=>16xFOD, 0, 2100, 2560, 2560, 213, FP, 40, 0, 0, 0, 0, 17994, Vict, 12, 46400
AI1, 10xH2O=>7xDW, 0, 400, 504, 504, 210, FP, 40, 0, 0, 0, 0, 17994, Vict, 2.4, 986031
AI1, 150xPE=>1xBDE, 180, 957, 1602, 1422, 198, PP1, 80, 0, 0, 0, 0, 19493, Const, 7.2, 24149
AI1, 40xPG=>1xPSL, 259, 1152, 3000, 2741, 190, PPF, 0, 50, 0, 0, 0, 29268, , 14.4, 361519
AI1, 50xPG=>1xNL, 259, 1440, 2500, 2241, 187, WPL, 0, 70, 0, 0, 0, 41530, , 12, 155229
AI1, 4xHCP 2xGRN 2xMAI=>4xC, 0, 1388, 1444, 1444, 182, INC, 40, 0, 0, 0, 0, 18438, Manu/Carbon, 7.92, 322456
AI1, 1xCOT 10xPG=>30xOVE, 556, 2778, 1860, 1304, 181, BMP, 100, 0, 0, 0, 0, 22390, Manu/Const, 7.2, 22494
AI1, 1xLDE 100xEPO 1xKV=>2xRDE, 7064, -99972850, 10000, 2936, 175, PP3, 0, 20, 40, 0, 0, 68650, , 16.8, 29360
AI1, 22xH2O 3xNS=>2xCAF, 297, 1474, 1342, 1045, 174, HYF, 40, 20, 0, 0, 0, 60058, , 6, 60914
AI1, 10xH2O 4xNS=>2xRCO, 297, 1192, 1200, 903, 171, HYF, 40, 20, 0, 0, 0, 60058, , 5.2799997, 312126
AI1, 2xPSM 8xSFK 20xPG=>2xDCM, 2257, 3466, 4300, 2043, 170, PPF, 0, 50, 0, 0, 0, 29268, , 12, 15323
AI1, 10xGL 15xPG=>10xRG, 5093, 2682, 10000, 4907, 157, GF, 0, 80, 0, 0, 0, 49245, , 31.2, 30640
AI1, 1xC=>100xNCS, 0, 400, 2230, 2230, 155, CLR, 0, 25, 15, 0, 0, 81180, , 14.4, 15138
AI1, 1xC 1xH 1xCL 1xO=>50xEPO, 2590, 3190, 6001, 3411, 142, POL, 10, 25, 0, 0, 0, 38686, , 24, 934654
AI1, 4xAMM 4xH2O 4xNA=>20xTHF, 2380, 1140, 5600, 3220, 134, LAB, 0, 20, 70, 0, 0, 124200, , 24, 140180
AI1, 1xRCO=>1xCOT, 297, 750, 1201, 904, 126, WPL, 0, 70, 0, 0, 0, 41530, , 7.2, 92245
AI1, 1xC 2xH=>200xPE, 180, 580, 1020, 840, 125, BMP, 100, 0, 0, 0, 0, 22390, Manu/Const, 6.7200003, 524997
AI1, 1xCAF 3xDW=>3xCOF, 556, 1005, 1425, 869, 121, FP, 40, 0, 0, 0, 0, 17994, Vict, 7.2, 152666
AI1, 1xGRN 1xBEA 1xVEG=>10xRAT, 0, 430, 701, 701, 117, FP, 40, 0, 0, 0, 0, 17994, Vict, 6, 372713
AI1, 1xMAI 1xBEA 1xVEG=>10xRAT, 0, 420, 701, 701, 117, FP, 40, 0, 0, 0, 0, 17994, Vict, 6, 372713
AI1, 1xGRN 1xBEA 1xNUT=>10xRAT, 0, 455, 701, 701, 117, FP, 40, 0, 0, 0, 0, 17994, Vict, 6, 372713
AI1, 1xMAI 1xBEA 1xNUT=>10xRAT, 0, 445, 701, 701, 117, FP, 40, 0, 0, 0, 0, 17994, Vict, 6, 372713
AI1, 3xAL 3xFE=>6xFAL, 3105, 2955, 4200, 1095, 114, ASM, 0, 0, 50, 20, 0, 68320, , 9.6, 14600
AI1, 1xSIO=>10xGL, 103, 103, 2010, 1907, 114, GF, 0, 80, 0, 0, 0, 49245, , 16.8, 14053
AI1, 1xH 1xC 1xMG=>50xPG, 259, 555, 1204, 945, 112, POL, 10, 25, 0, 0, 0, 38686, , 8.4, 765340
AI1, 1xCL 1xO 1xH=>3xTCL, 2590, 2790, 4200, 1610, 112, LAB, 0, 20, 70, 0, 0, 124200, , 14.4, 268340
AI1, 1xLST=>10xFLX, 139, 139, 1460, 1321, 110, CHP, 20, 60, 0, 0, 0, 18894, , 12, 169701
AI1, 1xRCO 50xPE=>20xOVE, 477, 1069, 1240, 763, 106, BMP, 100, 0, 0, 0, 0, 22390, Manu/Const, 7.2, 19113
AI1, 10xH2O 1xPG=>10xDW, 259, 429, 720, 461, 96, FP, 40, 0, 0, 0, 0, 17994, Vict, 4.8, 465503
AI1, 2xH2O 4xNS=>2xRCO, 297, 872, 1200, 903, 94, FRM, 50, 0, 0, 0, 0, 14792, Vict/Carbon, 9.6, 312126
AI1, 4xHCP 2xMAI=>4xC, 0, 1038, 1444, 1444, 91, INC, 40, 0, 0, 0, 0, 18438, Manu/Carbon, 15.84, 322456
AI1, 4xHCP 2xGRN=>4xC, 0, 1058, 1444, 1444, 91, INC, 40, 0, 0, 0, 0, 18438, Manu/Carbon, 15.84, 322456
AI1, 16xH2O 2xNS=>12xALG, 297, 1036, 1260, 963, 89, HYF, 40, 20, 0, 0, 0, 60058, , 10.8, 14756
AI1, 14xH2O 1xNS=>8xHCP, 297, 758, 1120, 823, 86, HYF, 40, 20, 0, 0, 0, 60058, , 9.6, 15627
AI1, 20xH2O 2xNS=>12xMAI, 297, 1196, 1920, 1623, 85, HYF, 40, 20, 0, 0, 0, 60058, , 19.2, 32757
AI1, 2xH2O 2xN 1xLST=>4xNS, 297, 377, 684, 387, 81, CHP, 20, 60, 0, 0, 0, 18894, , 4.8, 97409
AI1, 4xNS=>12xMUS, 297, 792, 1260, 963, 80, HYF, 40, 20, 0, 0, 0, 60058, , 12, 34089
AI1, 4xTIO 1xC 1xO=>2xTI, 2000, 1600, 3400, 1400, 78, SME, 50, 0, 0, 0, 0, 26990, Metal, 18, 105600
AI1, 4xH2O 1xDDT=>4xHER, 1590, 2410, 5000, 3410, 71, FRM, 50, 0, 0, 0, 0, 14792, Vict/Carbon, 48, 99315
AI1, 50xPG 1xNE=>1xAEF, 554, 1735, 1400, 846, 71, PP2, 25, 25, 0, 0, 0, 32391, , 12, 163040
AI1, 16xH2O 1xNS=>6xVEG, 297, 838, 630, 333, 69, HYF, 40, 20, 0, 0, 0, 60058, , 4.8, 32289
AI1, 1xMAI 1xALG 1xNUT=>10xRAT, 297, -999695, 701, 404, 67, FP, 40, 0, 0, 0, 0, 17994, Vict, 6, 201017
AI1, 1xGRN 1xALG 1xVEG=>10xRAT, 297, -999710, 701, 404, 67, FP, 40, 0, 0, 0, 0, 17994, Vict, 6, 201017
AI1, 1xMUS 1xNUT 1xGRN=>10xRAT, 297, 455, 701, 404, 67, FP, 40, 0, 0, 0, 0, 17994, Vict, 6, 201017
AI1, 1xMUS 1xNUT 1xMAI=>10xRAT, 297, 445, 701, 404, 67, FP, 40, 0, 0, 0, 0, 17994, Vict, 6, 201017
AI1, 1xGRN 1xALG 1xNUT=>10xRAT, 297, -999685, 701, 404, 67, FP, 40, 0, 0, 0, 0, 17994, Vict, 6, 201017
AI1, 1xMUS 1xVEG 1xGRN=>10xRAT, 297, 430, 701, 404, 67, FP, 40, 0, 0, 0, 0, 17994, Vict, 6, 201017
AI1, 1xMAI 1xALG 1xVEG=>10xRAT, 297, -999720, 701, 404, 67, FP, 40, 0, 0, 0, 0, 17994, Vict, 6, 201017
AI1, 1xMUS 1xVEG 1xMAI=>10xRAT, 297, 420, 701, 404, 67, FP, 40, 0, 0, 0, 0, 17994, Vict, 6, 201017
AI1, 20xPG=>1xPSM, 259, 576, 901, 642, 67, PPF, 0, 50, 0, 0, 0, 29268, , 9.6, 67603
AI1, 1xAL 3xTI=>4xAST, 3366, 7685, 4000, 634, 66, ASM, 0, 0, 50, 20, 0, 68320, , 9.6, 15850
AI1, 4xH2O=>4xGRN, 0, 160, 576, 576, 64, FRM, 50, 0, 0, 0, 0, 14792, Vict/Carbon, 9, 226705
AI1, 50xPE 4xAL=>2xSTR, 1546, 2259, 2002, 456, 63, BMP, 100, 0, 0, 0, 0, 22390, Manu/Const, 7.2, 4333
AI1, 4xDW 1xHER 1xAMM=>6xKOM, 2069, -999480, 2586, 517, 62, FER, 0, 60, 0, 0, 0, 33385, , 8.4, 46485
AI1, 4xHCP=>4xC, 0, 708, 1444, 1444, 60, INC, 40, 0, 0, 0, 0, 18438, Manu/Carbon, 24, 322456
AI1, 4xMAI=>4xC, 0, 660, 1444, 1444, 60, INC, 40, 0, 0, 0, 0, 18438, Manu/Carbon, 24, 322456
AI1, 4xGRN=>4xC, 0, 700, 1444, 1444, 60, INC, 40, 0, 0, 0, 0, 18438, Manu/Carbon, 24, 322456
AI1, 1xAMM 2xGAL 3xH=>100xSF, 790, 790, 999, 209, 58, REF, 60, 20, 0, 0, 0, 35988, Fuel, 3.6, 22587
AI1, 4xLST 2xSIO=>50xMCG, 762, 762, 1105, 343, 57, BMP, 100, 0, 0, 0, 0, 22390, Manu/Const, 6, 297138
AI1, 4xH2O=>12xMAI, 0, 160, 1920, 1920, 57, FRM, 50, 0, 0, 0, 0, 14792, Vict/Carbon, 33.6, 42583
AI1, 100xPE 25xPG=>20xOVE, 439, 1358, 1240, 801, 56, BMP, 100, 0, 0, 0, 0, 22390, Manu/Const, 14.4, 20321
AI1, 6xH2O=>4xBEA, 0, 240, 520, 520, 54, FRM, 50, 0, 0, 0, 0, 14792, Vict/Carbon, 9.6, 102760
AI1, 1xMGS=>6xMG, 169, 169, 312, 143, 50, BMP, 100, 0, 0, 0, 0, 22390, Manu/Const, 2.88, 22057
AI1, 1xH2O=>4xGRN, 0, 40, 576, 576, 48, FRM, 50, 0, 0, 0, 0, 14792, Vict/Carbon, 12, 226705
AI1, 5xCUO 10xO 1xSIO=>3xCU, 2194, 3194, 2760, 566, 47, SME, 50, 0, 0, 0, 0, 26990, Metal, 12, 29530
AI1, 2xH2O=>4xHCP, 0, 80, 560, 560, 47, FRM, 50, 0, 0, 0, 0, 14792, Vict/Carbon, 12, 25317
AI1, n/a=>8xH2O, 0, 0, 280, 280, 44, RIG, 30, 0, 0, 0, 0, 17988, Vict, 6.3333335, 2394068
AI1, 1xH2O=>2xBEA, 0, 40, 260, 260, 43, FRM, 50, 0, 0, 0, 0, 14792, Vict/Carbon, 6, 102760
AI1, 1xH2O=>12xNUT, 0, 40, 1512, 1512, 42, FRM, 50, 0, 0, 0, 0, 14792, Vict/Carbon, 36, 63741
AI1, 2xH2O=>1xRCO, 0, 80, 600, 600, 42, FRM, 50, 0, 0, 0, 0, 14792, Vict/Carbon, 14.4, 457953
AI1, 3xHAL 1xH2O=>2xNA 1xCL, 1500, 1540, 2050, 550, 40, CHP, 20, 60, 0, 0, 0, 18894, , 13.92, 50000
AI1, 3xH2O=>4xVEG, 0, 120, 420, 420, 39, FRM, 50, 0, 0, 0, 0, 14792, Vict/Carbon, 10.8, 68820
AI1, 10xPG=>1xPSS, 259, 288, 400, 141, 29, PPF, 0, 50, 0, 0, 0, 29268, , 4.8, 14100
AI1, 1xFE 3xTI=>4xFET, 3739, 7700, 4000, 261, 27, ASM, 0, 0, 50, 20, 0, 68320, , 9.6, 6525
AI1, 1xNS=>4xMUS, 297, 198, 420, 123, 17, HYF, 40, 20, 0, 0, 0, 60058, , 7.2, 9488
AI1, 6xALO 1xO 1xC 1xFLX=>4xAL, 1505, 1136, 1684, 179, 12, SME, 50, 0, 0, 0, 0, 26990, Metal, 14.4, 72746
AI1, 2xBEA 1xH2O=>4xPPA, 0, 320, 60, 60, 8, FP, 40, 0, 0, 0, 0, 17994, Vict, 7.2, 300
AI1, 10xGL 15xPG 1xSEN=>10xRG, 9824, 3382, 10000, 176, 6, GF, 0, 80, 0, 0, 0, 49245, , 27.6, 880
AI1, 2xGRN 3xDW 1xHOP 1xAMM=>6xALE, 7119, -999205, 7200, 81, 5, FER, 0, 60, 0, 0, 0, 33385, , 15.36, 621
CI2, 10xH2O=>7xDW, 0, 100, 322, 322, 134, FP, 80, 0, 0, 0, 0, 17994, Vict, 2.4, 54325
CI2, 1xGRN 1xBEA 1xNUT=>10xRAT, 0, -1999880, 600, 600, 100, FP, 80, 0, 0, 0, 0, 17994, Vict, 6, 106600
CI2, 1xGRN 1xBEA 1xVEG=>10xRAT, 0, -999780, 600, 600, 100, FP, 80, 0, 0, 0, 0, 17994, Vict, 6, 106600
CI2, 1xMAI 1xBEA 1xNUT=>10xRAT, 0, -3000000, 600, 600, 100, FP, 80, 0, 0, 0, 0, 17994, Vict, 6, 106600
CI2, 1xMAI 1xBEA 1xVEG=>10xRAT, 0, -1999900, 600, 600, 100, FP, 80, 0, 0, 0, 0, 17994, Vict, 6, 106600
CI1, 1xTC=>3xTCS, 950, 8000, 18000, 17050, 1421, TNP, 0, 0, 240, 0, 0, 149480, , 12, 5683
CI1, 2xCA 1xMG 1xTA=>20xSC, 1266, 22043, 20000, 18734, 1201, CHP, 60, 180, 0, 0, 0, 18894, , 15.6, 9367
CI1, 12xAL 1xSTL 1xHE=>4xBHP, 3911, 7895, 10604, 6693, 930, HWP, 0, 120, 30, 0, 0, 37490, , 7.2, 64087
CI1, =>1xIDC, 0, 0, 20000, 20000, 833, SL, 0, 0, 0, 0, 20, 661598.94, , 24, -20000
CI1, 20xOVE 10xC=>20xSUN, 361, 6758, 4150, 3789, 789, BMP, 300, 0, 0, 0, 0, 22390, Manu/Const, 4.8, 58456
CI1, 2xLSE 1xTCS=>2xHSE, 2621, -987800, 14000, 11379, 729, PP3, 0, 60, 120, 0, 0, 68650, , 15.6, 128664
CI1, =>1xEDC, 0, 0, 16000, 16000, 667, SE, 0, 0, 0, 30, 0, 419648, , 24, -16000
CI1, 2xBER=>1xBE 1xAL 1xSI, 1000, 1000, 2485, 1485, 619, AML, 0, 0, 60, 90, 0, 1289350, , 2.4, 35946
CI1, 20xTRN 10xH 10xN=>20xSEN, 4860, 5700, 9000, 4140, 595, SCA, 0, 0, 30, 0, 0, 243774, , 6.96, 2070
CI1, 120xPG 3xAL=>1xLSE, 1671, 4631, 5000, 3329, 555, PP2, 75, 75, 0, 0, 0, 32391, , 6, 83360
CI1, 8xGL 24xSOL=>12xSP, 15340, 26865, 19200, 3860, 536, ECA, 0, 20, 20, 0, 0, 420144, , 7.2, 2995
CI1, 3xAL 1xNL=>1xLDE, 1671, 4421, 4511, 2840, 473, PP2, 75, 75, 0, 0, 0, 32391, , 6, 27573
CI1, 1xCOT 50xPG=>20xPWO, 416, 2775, 3600, 3184, 442, BMP, 300, 0, 0, 0, 0, 22390, Manu/Const, 7.2, 55285
CI1, 1xPPA 1xNS 1xHCP=>4xMTP, 470, 445, 8400, 7930, 441, IVP, 0, 0, 70, 0, 0, 359258, , 18, 60190
CI1, 16xH2O 1xHCP 1xNS=>8xRSI, 235, 776, 9600, 9365, 390, IVP, 0, 0, 70, 0, 0, 359258, , 24, 31607
CI1, 1xCOT 10xPG=>30xOVE, 416, 1755, 2490, 2074, 288, BMP, 300, 0, 0, 0, 0, 22390, Manu/Const, 7.2, 145069
CI1, 4xHCP 2xGRN 2xMAI=>4xC, 0, -1999196, 1800, 1800, 227, INC, 120, 0, 0, 0, 0, 18438, Manu/Carbon, 7.92, 1870158
CI1, 75xPG=>1xBDE, 181, 1913, 1500, 1319, 220, PP2, 75, 75, 0, 0, 0, 32391, , 6, 396440
CI1, 2xPSM 8xSFK 20xPG=>2xDCM, 1711, 3394, 4200, 2489, 207, PPF, 0, 150, 0, 0, 0, 29268, , 12, 56687
CI1, 100xPE 4xCU=>8xSCN, 2540, 5400, 8408, 5868, 204, EDM, 0, 150, 0, 0, 0, 77620, , 28.8, 8971
CI1, 1xCU 300xPE=>10xBCO, 2540, 3000, 4000, 1460, 203, FS, 0, 150, 0, 0, 0, 25358, , 7.2, 14601
CI1, 1xNL 1xIND 6xGC=>10xHMS, 6643, 7050, 10000, 3357, 200, CLF, 0, 120, 0, 0, 0, 45598, , 16.8, 8791
CI1, 150xPE=>1xBDE, 180, 900, 1500, 1320, 183, PP1, 240, 0, 0, 0, 0, 19493, Const, 7.2, 396958
CI1, 1xC=>100xNCS, 0, 498, 2500, 2500, 174, CLR, 0, 75, 45, 0, 0, 81180, , 14.4, 283745
CI1, 1xRCO 50xPE=>20xOVE, 415, 910, 1660, 1245, 173, BMP, 300, 0, 0, 0, 0, 22390, Manu/Const, 7.2, 121529
CI1, 50xPE 4xAL=>2xSTR, 1670, 2394, 2800, 1130, 157, BMP, 300, 0, 0, 0, 0, 22390, Manu/Const, 7.2, 965
CI1, 10xH2O=>7xDW, 0, 300, 358, 358, 149, FP, 120, 0, 0, 0, 0, 17994, Vict, 2.4, 938701
CI1, 40xPG=>1xPSL, 181, 1020, 2250, 2069, 144, PPF, 0, 150, 0, 0, 0, 29268, , 14.4, 147484
CI1, 22xH2O 3xNS=>2xCAF, 235, 1127, 1090, 855, 143, HYF, 120, 60, 0, 0, 0, 60058, , 6, 73793
CI1, 1xGRN 1xBEA 1xNUT=>10xRAT, 0, 372, 850, 850, 142, FP, 120, 0, 0, 0, 0, 17994, Vict, 6, 1605646
CI1, 1xMAI 1xBEA 1xVEG=>10xRAT, 0, -999760, 850, 850, 142, FP, 120, 0, 0, 0, 0, 17994, Vict, 6, 1605646
CI1, 1xMAI 1xBEA 1xNUT=>10xRAT, 0, -999750, 850, 850, 142, FP, 120, 0, 0, 0, 0, 17994, Vict, 6, 1605646
CI1, 1xGRN 1xBEA 1xVEG=>10xRAT, 0, 362, 850, 850, 142, FP, 120, 0, 0, 0, 0, 17994, Vict, 6, 1605646
CI1, =>1xLD, 0, 0, 5000, 5000, 139, SD, 0, 0, 150, 0, 0, 132980, , 36, 25000
CI1, 50xPG 1xNE=>1xAEF, 381, 1475, 2000, 1619, 135, PP2, 75, 75, 0, 0, 0, 32391, , 12, 201360
CI1, 10xH2O 4xNS=>2xRCO, 235, 922, 922, 687, 130, HYF, 120, 60, 0, 0, 0, 60058, , 5.2799997, 325095
CI1, 50xPG=>1xNL, 181, 1275, 1700, 1519, 127, WPL, 0, 210, 0, 0, 0, 41530, , 12, 149381
CI1, 5xNUT 5xMAI 5xVEG=>16xFOD, 0, -4998750, 1494, 1494, 124, FP, 120, 0, 0, 0, 0, 17994, Vict, 12, 46338
CI1, 1xC 2xH=>200xPE, 180, 678, 1010, 830, 124, BMP, 300, 0, 0, 0, 0, 22390, Manu/Const, 6.7200003, 346985
CI1, 4xLST 2xSIO=>50xMCG, 420, 420, 1151, 731, 122, BMP, 300, 0, 0, 0, 0, 22390, Manu/Const, 6, 89520
CI1, 35xPE 3xAL=>1xLBH, 1670, 1781, 2400, 730, 122, PP2, 75, 75, 0, 0, 0, 32391, , 6, 120330
CI1, 1xRCO=>1xCOT, 235, 610, 1085, 850, 118, WPL, 0, 210, 0, 0, 0, 41530, , 7.2, 48449
CI1, 1xSIO=>10xGL, 60, 60, 2000, 1940, 115, GF, 0, 240, 0, 0, 0, 49245, , 16.8, 86535
CI1, 4xHCP 2xMAI=>4xC, 0, -1999440, 1800, 1800, 114, INC, 120, 0, 0, 0, 0, 18438, Manu/Carbon, 15.84, 1870158
CI1, 4xHCP 2xGRN=>4xC, 0, 804, 1800, 1800, 114, INC, 120, 0, 0, 0, 0, 18438, Manu/Carbon, 15.84, 1870158
CI1, 1xH 1xC 1xMG=>50xPG, 181, 631, 1134, 953, 113, POL, 30, 75, 0, 0, 0, 38686, , 8.4, 335023
CI1, 1xHCP 1xO 1xS=>10xBAC, 2000, 378, 7500, 5500, 104, LAB, 0, 60, 210, 0, 0, 124200, , 52.8, 14300
CI1, 1xMAI 1xALG 1xVEG=>10xRAT, 235, -999760, 850, 615, 103, FP, 120, 0, 0, 0, 0, 17994, Vict, 6, 1093131
CI1, 1xMUS 1xVEG 1xGRN=>10xRAT, 235, -999758, 850, 615, 103, FP, 120, 0, 0, 0, 0, 17994, Vict, 6, 1093131
CI1, 1xMAI 1xALG 1xNUT=>10xRAT, 235, -999750, 850, 615, 103, FP, 120, 0, 0, 0, 0, 17994, Vict, 6, 1093131
CI1, 1xMUS 1xNUT 1xMAI=>10xRAT, 235, -1999870, 850, 615, 103, FP, 120, 0, 0, 0, 0, 17994, Vict, 6, 1093131
CI1, 1xGRN 1xALG 1xVEG=>10xRAT, 235, 362, 850, 615, 103, FP, 120, 0, 0, 0, 0, 17994, Vict, 6, 1093131
CI1, 1xGRN 1xALG 1xNUT=>10xRAT, 235, 372, 850, 615, 103, FP, 120, 0, 0, 0, 0, 17994, Vict, 6, 1093131
CI1, 1xMUS 1xVEG 1xMAI=>10xRAT, 235, -1999880, 850, 615, 103, FP, 120, 0, 0, 0, 0, 17994, Vict, 6, 1093131
CI1, 1xMUS 1xNUT 1xGRN=>10xRAT, 235, -999748, 850, 615, 103, FP, 120, 0, 0, 0, 0, 17994, Vict, 6, 1093131
CI1, 100xPE 25xPG=>20xOVE, 361, 1238, 1660, 1299, 90, BMP, 300, 0, 0, 0, 0, 22390, Manu/Const, 14.4, 130759
CI1, 16xH2O 2xNS=>12xALG, 235, 791, 1200, 965, 89, HYF, 120, 60, 0, 0, 0, 60058, , 10.8, 33152
CI1, 16xH2O 1xNS=>6xVEG, 235, 636, 630, 395, 82, HYF, 120, 60, 0, 0, 0, 60058, , 4.8, 39082
CI1, 20xH2O 2xNS=>12xMAI, 235, 911, 1800, 1565, 82, HYF, 120, 60, 0, 0, 0, 60058, , 19.2, 104445
CI1, 3xAL 3xFE=>6xFAL, 2839, 3041, 3600, 761, 79, ASM, 0, 0, 150, 60, 0, 68320, , 9.6, 254
CI1, 2xH2O 2xN 1xLST=>4xNS, 235, 295, 604, 369, 77, CHP, 60, 180, 0, 0, 0, 18894, , 4.8, 694171
CI1, 4xHCP=>4xC, 0, 560, 1800, 1800, 75, INC, 120, 0, 0, 0, 0, 18438, Manu/Carbon, 24, 1870158
CI1, 4xGRN=>4xC, 0, 488, 1800, 1800, 75, INC, 120, 0, 0, 0, 0, 18438, Manu/Carbon, 24, 1870158
CI1, 4xMAI=>4xC, 0, -4000000, 1800, 1800, 75, INC, 120, 0, 0, 0, 0, 18438, Manu/Carbon, 24, 1870158
CI1, 20xPG=>1xPSM, 181, 510, 900, 719, 75, PPF, 0, 150, 0, 0, 0, 29268, , 9.6, 111072
CI1, 4xNS=>12xMUS, 235, 622, 1116, 881, 73, HYF, 120, 60, 0, 0, 0, 60058, , 12, 28055
CI1, 2xH2O 4xNS=>2xRCO, 235, 682, 922, 687, 72, FRM, 150, 0, 0, 0, 0, 14792, Vict/Carbon, 9.6, 325095
CI1, 1xAMM 2xGAL 3xH=>100xSF, 584, 584, 840, 256, 71, REF, 180, 60, 0, 0, 0, 35988, Fuel, 3.6, 318565
CI1, 10xH2O 1xPG=>10xDW, 181, 326, 511, 330, 69, FP, 120, 0, 0, 0, 0, 17994, Vict, 4.8, 481061
CI1, 1xCAF 3xDW=>3xCOF, 416, 859, 900, 484, 67, FP, 120, 0, 0, 0, 0, 17994, Vict, 7.2, 16134
CI1, 14xH2O 1xNS=>8xHCP, 235, 576, 856, 621, 65, HYF, 120, 60, 0, 0, 0, 60058, , 9.6, 152196
CI1, 4xH2O=>12xMAI, 0, 120, 1800, 1800, 54, FRM, 150, 0, 0, 0, 0, 14792, Vict/Carbon, 33.6, 130880
CI1, 4xH2O=>4xGRN, 0, 120, 460, 460, 51, FRM, 150, 0, 0, 0, 0, 14792, Vict/Carbon, 9, 137555
CI1, 1xLST=>10xFLX, 75, 75, 650, 575, 48, CHP, 60, 180, 0, 0, 0, 18894, , 12, 4768
CI1, 1xMGS=>6xMG, 91, 91, 216, 125, 43, BMP, 300, 0, 0, 0, 0, 22390, Manu/Const, 2.88, 4732
CI1, 1xH2O=>12xNUT, 0, 30, 1500, 1500, 42, FRM, 150, 0, 0, 0, 0, 14792, Vict/Carbon, 36, 81961
CI1, 3xH2O=>4xVEG, 0, 90, 420, 420, 39, FRM, 150, 0, 0, 0, 0, 14792, Vict/Carbon, 10.8, 69511
CI1, 3xCLI=>1xI, 360, 360, 545, 185, 39, BMP, 300, 0, 0, 0, 0, 22390, Manu/Const, 4.8, 12799
CI1, 1xH2O=>4xGRN, 0, 30, 460, 460, 38, FRM, 150, 0, 0, 0, 0, 14792, Vict/Carbon, 12, 137555
CI1, 6xH2O=>4xBEA, 0, 180, 360, 360, 38, FRM, 150, 0, 0, 0, 0, 14792, Vict/Carbon, 9.6, 86364
CI1, 2xH2O=>4xHCP, 0, 60, 428, 428, 36, FRM, 150, 0, 0, 0, 0, 14792, Vict/Carbon, 12, 215993
CI1, 10xPG=>1xPSS, 181, 255, 350, 169, 35, PPF, 0, 150, 0, 0, 0, 29268, , 4.8, 8799
CI1, n/a=>8xH2O, 0, 0, 216, 216, 34, RIG, 60, 0, 0, 0, 0, 18000, Vict, 6.3333335, 593086
CI1, 2xH2O=>1xRCO, 0, 60, 461, 461, 32, FRM, 150, 0, 0, 0, 0, 14792, Vict/Carbon, 14.4, 450104
CI1, 2xHE3 4xH=>100xFF, 900, 750, 1010, 110, 31, REF, 180, 60, 0, 0, 0, 35988, Fuel, 3.6, 72774
CI1, 1xH2O=>2xBEA, 0, 30, 180, 180, 30, FRM, 150, 0, 0, 0, 0, 14792, Vict/Carbon, 6, 86364
CI1, 6xALO 1xO 1xC 1xFLX=>4xAL, 1565, 1302, 1984, 419, 29, SME, 150, 0, 0, 0, 0, 26990, Metal, 14.4, 39257
CI1, 10xGL 15xPG=>10xRG, 5101, 2463, 6000, 899, 29, GF, 0, 240, 0, 0, 0, 49245, , 31.2, 4496
CI1, 1xF 1xO=>2xBL, 3450, 2644, 4000, 550, 23, LAB, 0, 60, 210, 0, 0, 124200, , 24, 2850
CI1, 1xNS=>4xMUS, 235, 156, 372, 137, 19, HYF, 120, 60, 0, 0, 0, 60058, , 7.2, 12233
CI1, 6xFEO 1xC 1xO 1xFLX=>4xFE, 1349, 1086, 1620, 271, 19, SME, 150, 0, 0, 0, 0, 26990, Metal, 14.4, 12813
CI1, 1xSTL 1xW=>10xPT, 4494, -998510, 4600, 106, 13, BMP, 300, 0, 0, 0, 0, 22390, Manu/Const, 8.4, 2862
CI1, 2xBEA 1xH2O=>4xPPA, 0, 270, 60, 60, 8, FP, 120, 0, 0, 0, 0, 17994, Vict, 7.2, 225
CI1, 1xLST=>1xCA, 75, 75, 100, 25, 3, CHP, 60, 180, 0, 0, 0, 18894, , 7.2, 590
CI1, 1xSTL=>5xPT, 2299, 1490, 2300, 1, 0, BMP, 300, 0, 0, 0, 0, 22390, Manu/Const, 8.4, 54
IC1, 1xLES=>10xES, 2000, 2000, 50000, 48000, 4000, EEP, 0, 0, 0, 60, 40, 736388, , 12, 120300
IC1, 20xDW 15xGRA 15xREA 1xAMM=>10xWIN, 10905, -14994180, 30000, 19095, 995, FER, 0, 240, 0, 0, 0, 33385, , 19.2, 191916
IC1, 2xCA 1xMG 1xTA=>20xSC, 1525, 21820, 15000, 13475, 864, CHP, 80, 240, 0, 0, 0, 18894, , 15.6, 13475
IC1, =>1xIDC, 0, 0, 20000, 20000, 833, SL, 0, 0, 0, 0, 20, 715888, , 24, -20000
IC1, =>1xEDC, 0, 0, 16000, 16000, 667, SE, 0, 0, 0, 30, 0, 517916, , 24, -16000
IC1, 2xTAI=>1xTA 1xFE, 1000, 1000, 11330, 10330, 662, AML, 0, 0, 80, 120, 0, 1289350, , 15.6, 25600
IC1, 2xGRN 2xDW 1xES 1xAMM=>4xGIN, 3025, -999140, 12000, 8975, 575, FER, 0, 240, 0, 0, 0, 33385, , 15.6, 63333
IC1, 60xH2O 2xDDT=>15xHOP, 1100, 6690, 26280, 25180, 525, ORC, 0, 280, 40, 0, 0, 712446, , 48, 559039
IC1, 30xH2O 1xDDT=>10xPIB, 1100, 3345, 11000, 9900, 516, ORC, 0, 280, 40, 0, 0, 712446, , 19.2, 15840
IC1, 40xH2O 2xDDT 4xSOI=>15xHOP, 5380, 7356, 26280, 20900, 498, ORC, 0, 280, 40, 0, 0, 712446, , 42, 416372
IC1, 40xH2O 1xDDT=>5xGRA, 1100, 3670, 12505, 11405, 475, ORC, 0, 280, 40, 0, 0, 712446, , 24, 257740
IC1, 1xPPA 1xNS 1xHCP=>4xMTP, 800, -999696, 8504, 7704, 428, IVP, 0, 0, 70, 0, 0, 444388, , 18, 84331
IC1, 2xBER=>1xBE 1xAL 1xSI, 1800, 1800, 2752, 952, 397, AML, 0, 0, 80, 120, 0, 1289350, , 2.4, 21522
IC1, 1xCOT 50xPG=>20xPWO, 925, 2848, 3640, 2715, 377, BMP, 400, 0, 0, 0, 0, 22390, Manu/Const, 7.2, 61148
IC1, 30xH2O 1xDDT 3xSOI=>5xGRA, 5380, 4332, 12505, 7125, 371, ORC, 0, 280, 40, 0, 0, 712446, , 19.2, 161012
IC1, 20xH2O 1xDDT 2xSOI=>10xPIB, 5380, 3678, 11000, 5620, 360, ORC, 0, 280, 40, 0, 0, 712446, , 15.6, 8992
IC1, 16xH2O 1xHCP 1xNS=>8xRSI, 400, 824, 8000, 7600, 317, IVP, 0, 0, 70, 0, 0, 444388, , 24, 12800
IC1, 1xC 1xH 1xCL=>3xDDT, 1100, 2997, 5700, 4600, 256, LAB, 0, 80, 280, 0, 0, 124200, , 18, 87873
IC1, 2xFIM 1xMTP=>2xMEA, 2300, -997002, 6002, 3702, 237, FP, 160, 0, 0, 0, 0, 17994, Vict, 15.6, 1203899
IC1, 75xPG=>1xBDE, 525, 2174, 1650, 1125, 188, PP2, 100, 100, 0, 0, 0, 32391, , 6, 42426
IC1, 150xPE=>1xBDE, 400, 861, 1650, 1250, 174, PP1, 320, 0, 0, 0, 0, 19493, Const, 7.2, 56551
IC1, 50xPG=>1xNL, 525, 1449, 2500, 1975, 165, WPL, 0, 280, 0, 0, 0, 41530, , 12, 45920
IC1, 4xHCP 2xGRN 2xMAI=>4xC, 0, 950, 1280, 1280, 162, INC, 160, 0, 0, 0, 0, 18438, Manu/Carbon, 7.92, 468884
IC1, 1xCOT 10xPG=>30xOVE, 925, 1689, 2074, 1149, 160, BMP, 400, 0, 0, 0, 0, 22390, Manu/Const, 7.2, 139496
IC1, 10xH2O=>7xDW, 0, 325, 351, 351, 146, FP, 160, 0, 0, 0, 0, 17994, Vict, 2.4, 1771871
IC1, 1xC=>100xNCS, 0, 347, 2035, 2035, 141, CLR, 0, 100, 60, 0, 0, 81180, , 14.4, 916
IC1, 40xPG=>1xPSL, 525, 1159, 2400, 1875, 130, PPF, 0, 200, 0, 0, 0, 29268, , 14.4, 175774
IC1, 1xES 1xALG 1xTHF=>4xNST, 5300, -999335, 6800, 1500, 125, LAB, 0, 80, 280, 0, 0, 124200, , 12, 2375
IC1, 16xH2O 2xNS=>12xALG, 400, 908, 1650, 1250, 116, HYF, 40, 20, 0, 0, 0, 74752, , 10.8, 102121
IC1, 1xRCO=>1xCOT, 400, 460, 1204, 804, 112, WPL, 0, 280, 0, 0, 0, 41530, , 7.2, 146708
IC1, 1xMAI 1xBEA 1xVEG=>10xRAT, 0, 397, 655, 655, 109, FP, 160, 0, 0, 0, 0, 17994, Vict, 6, 2053452
IC1, 1xGRN 1xBEA 1xNUT=>10xRAT, 0, 423, 655, 655, 109, FP, 160, 0, 0, 0, 0, 17994, Vict, 6, 2053452
IC1, 1xGRN 1xBEA 1xVEG=>10xRAT, 0, 382, 655, 655, 109, FP, 160, 0, 0, 0, 0, 17994, Vict, 6, 2053452
IC1, 1xMAI 1xBEA 1xNUT=>10xRAT, 0, 438, 655, 655, 109, FP, 160, 0, 0, 0, 0, 17994, Vict, 6, 2053452
IC1, 1xC 2xH=>200xPE, 400, 747, 1050, 650, 97, BMP, 400, 0, 0, 0, 0, 22390, Manu/Const, 6.7200003, 275998
IC1, 20xOVE 10xC=>20xSUN, 925, 4948, 1380, 455, 95, BMP, 400, 0, 0, 0, 0, 22390, Manu/Const, 4.8, 455
IC1, 4xAMM 4xH2O 4xNA=>20xTHF, 2900, 2250, 5000, 2100, 88, LAB, 0, 80, 280, 0, 0, 124200, , 24, 1050
IC1, 4xH2O 1xDDT=>4xHER, 1100, 2500, 5200, 4100, 85, FRM, 200, 0, 0, 0, 0, 14792, Vict/Carbon, 48, 703893
IC1, 10xH2O 4xNS=>2xRCO, 400, 1101, 840, 440, 83, HYF, 40, 20, 0, 0, 0, 74752, , 5.2799997, 325830
IC1, 1xH 1xC 1xMG=>50xPG, 525, 667, 1215, 690, 82, POL, 40, 100, 0, 0, 0, 38686, , 8.4, 216333
IC1, 1xRCO 50xPE=>20xOVE, 800, 747, 1382, 582, 81, BMP, 400, 0, 0, 0, 0, 22390, Manu/Const, 7.2, 79367
IC1, 4xHCP 2xMAI=>4xC, 0, 710, 1280, 1280, 81, INC, 160, 0, 0, 0, 0, 18438, Manu/Carbon, 15.84, 468884
IC1, 4xHCP 2xGRN=>4xC, 0, 680, 1280, 1280, 81, INC, 160, 0, 0, 0, 0, 18438, Manu/Carbon, 15.84, 468884
IC1, 4xNS=>12xMUS, 400, 776, 1200, 800, 67, HYF, 40, 20, 0, 0, 0, 74752, , 12, 58128
IC1, 22xH2O 3xNS=>2xCAF, 400, 1297, 800, 400, 67, HYF, 40, 20, 0, 0, 0, 74752, , 6, 2250
IC1, 2xRAT 1xHER=>2xFIM, 1500, 2100, 2300, 800, 67, FP, 160, 0, 0, 0, 0, 17994, Vict, 12, 298336
IC1, 10xDW 4xPIB 1xCA 1xI 1xAMM=>20xVIT, 6809, 10452, 8000, 1191, 62, FER, 0, 240, 0, 0, 0, 33385, , 19.2, 1191
IC1, 3xHAL 1xH2O=>2xNA 1xCL, 900, 933, 1750, 850, 61, CHP, 80, 240, 0, 0, 0, 18894, , 13.92, 23200
IC1, 4xLST 2xSIO=>50xMCG, 1000, 1000, 1351, 351, 58, BMP, 400, 0, 0, 0, 0, 22390, Manu/Const, 6, 4669
IC1, 1xSIO=>10xGL, 100, 100, 1003, 903, 54, GF, 0, 320, 0, 0, 0, 49245, , 16.8, 23045
IC1, 4xHCP=>4xC, 0, 440, 1280, 1280, 53, INC, 160, 0, 0, 0, 0, 18438, Manu/Carbon, 24, 468884
IC1, 4xMAI=>4xC, 0, 540, 1280, 1280, 53, INC, 160, 0, 0, 0, 0, 18438, Manu/Carbon, 24, 468884
IC1, 4xGRN=>4xC, 0, 480, 1280, 1280, 53, INC, 160, 0, 0, 0, 0, 18438, Manu/Carbon, 24, 468884
IC1, 20xPG=>1xPSM, 525, 580, 1000, 475, 49, PPF, 0, 200, 0, 0, 0, 29268, , 9.6, 11875
IC1, 4xDW 1xHER 1xAMM=>6xKOM, 2125, 2690, 2526, 401, 48, FER, 0, 240, 0, 0, 0, 33385, , 8.4, 31443
IC1, 20xH2O 2xNS=>12xMAI, 400, 1038, 1296, 896, 47, HYF, 40, 20, 0, 0, 0, 74752, , 19.2, 213134
IC1, 2xH2O 4xNS=>2xRCO, 400, 841, 840, 440, 46, FRM, 200, 0, 0, 0, 0, 14792, Vict/Carbon, 9.6, 325830
IC1, 4xH2O=>4xGRN, 0, 130, 392, 392, 44, FRM, 200, 0, 0, 0, 0, 14792, Vict/Carbon, 9, 183409
IC1, 1xMUS 1xVEG 1xGRN=>10xRAT, 400, 388, 655, 255, 43, FP, 160, 0, 0, 0, 0, 17994, Vict, 6, 556541
IC1, 1xGRN 1xALG 1xVEG=>10xRAT, 400, 403, 655, 255, 43, FP, 160, 0, 0, 0, 0, 17994, Vict, 6, 556541
IC1, 1xMAI 1xALG 1xVEG=>10xRAT, 400, 418, 655, 255, 43, FP, 160, 0, 0, 0, 0, 17994, Vict, 6, 556541
IC1, 1xMUS 1xNUT 1xGRN=>10xRAT, 400, 429, 655, 255, 43, FP, 160, 0, 0, 0, 0, 17994, Vict, 6, 556541
IC1, 1xGRN 1xALG 1xNUT=>10xRAT, 400, 444, 655, 255, 43, FP, 160, 0, 0, 0, 0, 17994, Vict, 6, 556541
IC1, 1xMUS 1xVEG 1xMAI=>10xRAT, 400, 403, 655, 255, 43, FP, 160, 0, 0, 0, 0, 17994, Vict, 6, 556541
IC1, 1xMAI 1xALG 1xNUT=>10xRAT, 400, 459, 655, 255, 43, FP, 160, 0, 0, 0, 0, 17994, Vict, 6, 556541
IC1, 1xMUS 1xNUT 1xMAI=>10xRAT, 400, 444, 655, 255, 43, FP, 160, 0, 0, 0, 0, 17994, Vict, 6, 556541
IC1, 6xH2O=>4xBEA, 0, 195, 408, 408, 43, FRM, 200, 0, 0, 0, 0, 14792, Vict/Carbon, 9.6, 321629
IC1, 2xH2O 2xN 1xLST=>4xNS, 400, 465, 600, 200, 42, CHP, 80, 240, 0, 0, 0, 18894, , 4.8, 64235
IC1, 50xPG 1xNE=>1xAEF, 820, 1744, 1300, 480, 40, PP2, 100, 100, 0, 0, 0, 32391, , 12, 10380
IC1, 14xH2O 1xNS=>8xHCP, 400, 649, 777, 377, 39, HYF, 40, 20, 0, 0, 0, 74752, , 9.6, 37773
IC1, n/a=>8xH2O, 0, 0, 248, 248, 39, RIG, 30, 0, 0, 0, 0, 18528, Vict, 6.3333335, 987275
IC1, 4xH2O=>12xMAI, 0, 130, 1296, 1296, 39, FRM, 200, 0, 0, 0, 0, 14792, Vict/Carbon, 33.6, 334322
IC1, 3xH2O=>4xVEG, 0, 98, 368, 368, 34, FRM, 200, 0, 0, 0, 0, 14792, Vict/Carbon, 10.8, 145286
IC1, 1xH2O=>2xBEA, 0, 33, 204, 204, 34, FRM, 200, 0, 0, 0, 0, 14792, Vict/Carbon, 6, 321629
IC1, 1xLST=>10xFLX, 200, 200, 600, 400, 33, CHP, 80, 240, 0, 0, 0, 18894, , 12, 17303
IC1, 1xH2O=>4xGRN, 0, 33, 392, 392, 33, FRM, 200, 0, 0, 0, 0, 14792, Vict/Carbon, 12, 183409
IC1, 2xH2O=>4xHCP, 0, 65, 388, 388, 32, FRM, 200, 0, 0, 0, 0, 14792, Vict/Carbon, 12, 79669
IC1, 16xH2O 1xNS=>6xVEG, 400, 714, 553, 153, 32, HYF, 40, 20, 0, 0, 0, 74752, , 4.8, 38030
IC1, 100xPE 25xPG=>20xOVE, 925, 1299, 1382, 457, 32, BMP, 400, 0, 0, 0, 0, 22390, Manu/Const, 14.4, 51554
IC1, 1xH2O=>12xNUT, 0, 33, 1116, 1116, 31, FRM, 200, 0, 0, 0, 0, 14792, Vict/Carbon, 36, 162347
IC1, 2xH2O=>1xRCO, 0, 65, 420, 420, 29, FRM, 200, 0, 0, 0, 0, 14792, Vict/Carbon, 14.4, 637399
IC1, 2xBEA 1xH2O=>4xPPA, 0, 321, 40, 40, 6, FP, 160, 0, 0, 0, 0, 17994, Vict, 7.2, 852
IC1, 3xTS=>2xHE3, 240, 240, 272, 32, 5, REF, 240, 80, 0, 0, 0, 35988, Fuel, 6, 20562
IC1, 1xCAF 3xDW=>3xCOF, 925, 855, 945, 20, 3, FP, 160, 0, 0, 0, 0, 17994, Vict, 7.2, 194
IC1, 1xNS=>4xMUS, 400, 194, 400, 0, 0, HYF, 40, 20, 0, 0, 0, 74752, , 7.2, 16
NC1, 6xLFP 6xNOZ 25xBRO 1xACS 1xMFK=>1xFSE, 60926, -6905801, 510000, 449074, 18711, SPF, 0, 0, 0, 100, 40, 624388, , 24, 4839817
NC1, 200xAST 20xMFK=>1xLCB, 8337, -199996000, 320000, 311663, 17315, SKF, 0, 200, 50, 0, 0, 34942, , 18, 311663
NC1, 10xZR 4xMFK=>1xMFL, 4737, 120796, 150000, 145263, 12105, SKF, 0, 200, 50, 0, 0, 34942, , 12, 145263
NC1, 3xCTF 1xCBL=>1xLFE, 18465, 159000, 160000, 141535, 11795, ELP, 0, 0, 80, 0, 0, 416416, , 12, 2531830
NC1, 12xLI 12xBE 60xHCC 150xPG=>1xCBL, 9444, 89034, 87000, 77556, 6463, ECA, 0, 40, 40, 0, 0, 518388, , 12, -77556
NC1, 2xCF 1xCBS=>1xSFE, 14735, 49750, 45000, 30265, 6305, CLR, 0, 125, 75, 0, 0, 81180, , 4.8, 661880
NC1, 20xPSL 30xPSM 20xFET 1xLIS 20xDEC 1xTCU=>1xCQL, 190443, -21559340, 600000, 409557, 5688, UPF, 100, 250, 0, 0, 0, 61117, , 72, 409557
NC1, 8xLI 8xBE 40xBGC 120xPG=>1xCBM, 8452, 53915, 60000, 51548, 5370, ECA, 0, 40, 40, 0, 0, 518388, , 9.6, -51548
NC1, 4xCF 1xCBM=>1xMFE, 15229, 78000, 65000, 49771, 5185, CLR, 0, 125, 75, 0, 0, 81180, , 9.6, 1044744
NC1, 1xRAG 20xBGO 1xCBS=>1xQCR, 143366, -924250, 500000, 356634, 4953, SPF, 0, 0, 0, 100, 40, 624388, , 72, 2139804
NC1, 6xLI 6xBE 20xBCO 60xPG=>1xCBS, 7959, 33878, 40000, 32041, 4450, ECA, 0, 40, 40, 0, 0, 518388, , 7.2, -32041
NC1, 1xWAI 1xPCB 10xSAR 100xGV 8xFC 20xTHF=>1xCC, 46215, -9781265, 300000, 253785, 4406, AAF, 0, 0, 0, 40, 20, 1445288, , 57.6, -253785
NC1, 1xBWS 1xAAR 4xRAD=>1xCOM, 74692, -882000, 150000, 75308, 4184, APF, 0, 0, 60, 20, 0, 1695288, , 18, 92232
NC1, 2xHPC 1xLD=>32xPDA, 40439, 49000, 96320, 55881, 3881, APF, 0, 0, 60, 20, 0, 1695288, , 14.4, 41149
NC1, 2xFAL 4xCF 1xKV 1xHE=>8xBWH, 14398, 31195, 40000, 25602, 3556, HWP, 0, 200, 50, 0, 0, 37490, , 7.2, 35202
NC1, 100xPG 20xAST 8xTK=>1xAGS, 9540, -27997000, 170000, 160460, 3343, SPP, 0, 0, 100, 60, 0, 730860, , 48, 280920
NC1, 1xLES=>10xES, 825, 825, 36010, 35185, 2932, EEP, 0, 0, 0, 120, 80, 736388, , 12, 1456398
NC1, 4xLFP 4xGNZ 50xNG 10xTHF 1xMFK=>1xGEN, 48278, -3887431, 130000, 81722, 2724, GF, 0, 400, 0, 0, 0, 49245, , 30, 490330
NC1, 1xHCP 1xNS 1xH2O 1xWAI 1xPCB 1xSAR 1xGV 1xFC 1xBAC=>1xAIR, 48406, -909675, 185000, 136594, 2277, APF, 0, 0, 60, 20, 0, 1695288, , 60, 1639129
NC1, 10xPSL 20xPSM 10xFET 1xNV1 5xSAR 1xCOM=>1xBR1, 162578, -16922720, 376000, 213422, 2223, UPF, 100, 250, 0, 0, 0, 61117, , 96, 425844
NC1, 10xPSL 20xPSM 10xTI 5xSAR 4xRAD=>1xBRS, 29378, -4807720, 175000, 145622, 2023, UPF, 100, 250, 0, 0, 0, 61117, , 72, 286244
NC1, 1xCST 1xWAI 10xES 1xPCB 1xSAR 6xFLP 3xFC=>1xCRU, 47956, -1854465, 150000, 102044, 1933, AAF, 0, 0, 0, 40, 20, 1445288, , 52.8, -102044
NC1, 10xPSS 10xBGC 10xSI=>10xROM, 6529, 15470, 20010, 13481, 1872, SCA, 0, 0, 60, 0, 0, 351444, , 7.2, 461010
NC1, 5xTHP 20xTHF=>10xBPT, 9362, 24740, 25000, 15638, 1862, SPP, 0, 0, 100, 60, 0, 730860, , 8.4, 67245
NC1, 5xW 1xWAI 1xDA 1xBMF=>1xFFC, 69395, -816000, 180000, 110605, 1843, APF, 0, 0, 60, 20, 0, 1695288, , 60, 30000
NC1, 1xBMF 1xSNM=>1xNV2, 67150, -875000, 150000, 82850, 1726, AAF, 0, 0, 0, 40, 20, 1445288, , 48, -82850
NC1, 1xWR 1xAIR 1xBMF 1xWAI=>1xLIS, 147484, -2920000, 250000, 102516, 1709, APF, 0, 0, 60, 20, 0, 1695288, , 60, -102516
NC1, 1xBWS 8xTRA 1xOS=>1xADS, 66354, -940400, 105000, 38646, 1610, APF, 0, 0, 60, 20, 0, 1695288, , 24, 115937
NC1, 2xBSE 1xSTL 225xEPO=>2xRSE, 8952, 31098, 36000, 27048, 1610, PP3, 0, 100, 200, 0, 0, 68650, , 16.8, 1281626
NC1, 20xPSL 6xUTS 12xPSM=>1xWOR, 4414, 138440, 70000, 65586, 1518, UPF, 100, 250, 0, 0, 0, 61117, , 43.2, 787032
NC1, 80xPG 14xFAL 4xKV=>1xBGS, 7697, 70597, 60000, 52303, 1453, SPP, 0, 0, 100, 60, 0, 730860, , 36, 52303
NC1, 1xLDE 100xEPO 1xKV=>2xRDE, 8560, 29680, 32000, 23440, 1395, PP3, 0, 100, 200, 0, 0, 68650, , 16.8, 274922
NC1, 2xVIT 4xREA 2xBAC 2xBL=>20xVG, 21766, 20158, 50000, 28234, 1176, IVP, 0, 0, 140, 0, 0, 444388, , 24, 128864
NC1, 20xDW 15xGRA 15xREA 1xAMM=>10xWIN, 10040, 48043, 30000, 19960, 1040, FER, 0, 300, 0, 0, 0, 33385, , 19.2, 214964
NC1, 1xWS 1xSNM=>1xNV1, 64565, 129500, 100000, 35435, 984, APF, 0, 0, 60, 20, 0, 1695288, , 36, -35435
NC1, 2xBE 2xCF 1xHE=>4xTHP, 7772, 14595, 12000, 4228, 979, WEL, 350, 0, 0, 0, 0, 26586, , 4.32, 10571
NC1, 2xCA 1xMG 1xTA=>20xSC, 1419, 21573, 15000, 13581, 871, CHP, 100, 300, 0, 0, 0, 18894, , 15.6, 13581
NC1, =>1xIDC, 0, 0, 20000, 20000, 833, SL, 0, 0, 0, 0, 40, 715888, , 24, -20000
NC1, 2xTAI=>1xTA 1xFE, 1200, 1200, 13485, 12285, 788, AML, 0, 0, 20, 30, 0, 1330350, , 15.6, 123800
NC1, 1xTC=>3xTCS, 1700, -1000000, 10500, 8800, 733, TNP, 0, 0, 400, 0, 0, 149480, , 12, 22467
NC1, 2xGRN 2xDW 1xES 1xAMM=>4xGIN, 1115, 5560, 12000, 10885, 698, FER, 0, 300, 0, 0, 0, 33385, , 15.6, 1060522
NC1, =>1xEDC, 0, 0, 16000, 16000, 667, SE, 0, 0, 0, 60, 0, 517916, , 24, -16000
NC1, 12xAL 1xSTL 1xHE=>4xBHP, 6252, 8480, 11000, 4748, 659, HWP, 0, 200, 50, 0, 0, 37490, , 7.2, 57457
NC1, 20xOVE 10xC=>20xSUN, 350, 6150, 3442, 3092, 644, BMP, 500, 0, 0, 0, 0, 22390, Manu/Const, 4.8, 42120
NC1, 2xWAL 1xSI 1xO=>1xCTF, 9022, 12434, 15000, 5978, 623, ASM, 0, 0, 250, 100, 0, 68320, , 9.6, 526104
NC1, 20xTRN 10xH 10xN=>20xSEN, 6777, 8700, 11000, 4223, 607, SCA, 0, 0, 60, 0, 0, 351444, , 6.96, 5947
NC1, 1xBSC 20xREA 4xMFK 2xDCM=>1xADR, 34992, -2992904, 48001, 13009, 602, PHF, 0, 125, 125, 0, 0, 109570, , 21.6, 182127
NC1, 1xMAG 10xBAC 10xPE=>5xAWF, 3782, 24676, 12995, 9213, 591, ELP, 0, 0, 80, 0, 0, 416416, , 15.6, 1843
NC1, 2xLSE 1xTCS=>2xHSE, 4290, 19200, 13000, 8710, 558, PP3, 0, 100, 200, 0, 0, 68650, , 15.6, 436414
NC1, 150xPE 2xLBH 2xTHP=>1xTSH, 10551, 12403, 17500, 6949, 483, PP4, 0, 0, 80, 60, 0, 595944, , 14.4, 6949
NC1, 60xH2O 2xDDT=>15xHOP, 1200, 6399, 24030, 22830, 476, ORC, 0, 350, 50, 0, 0, 712446, , 48, 846963
NC1, 1xCOT 50xPG=>20xPWO, 469, 3367, 3800, 3331, 463, BMP, 500, 0, 0, 0, 0, 22390, Manu/Const, 7.2, 122746
NC1, 75xPG 5xTCL=>1xKV, 3070, 16747, 11500, 8430, 439, WPL, 0, 350, 0, 0, 0, 41530, , 19.2, 696443
NC1, 40xH2O 2xDDT 4xSOI=>15xHOP, 5750, 7799, 24030, 18280, 435, ORC, 0, 350, 50, 0, 0, 712446, , 42, 623103
NC1, 1xPPA 1xNS 1xHCP=>4xMTP, 598, 400, 8400, 7802, 433, IVP, 0, 0, 140, 0, 0, 444388, , 18, 47383
NC1, 2xFIM 1xMTP=>2xMEA, 2097, -994000, 8000, 5903, 378, FP, 200, 0, 0, 0, 0, 17994, Vict, 15.6, 1019982
NC1, 2xZIR=>1xZR 2xSI, 1000, 1000, 6440, 5440, 378, AML, 0, 0, 20, 30, 0, 1330350, , 14.4, 200000
NC1, 10xBOS 1xGV 1xHE=>1xCHA, 8036, 51095, 12000, 3964, 367, WEL, 350, 0, 0, 0, 0, 26586, , 10.8, 162504
NC1, 100xPE 4xCU=>8xSCN, 3209, 5123, 13528, 10319, 358, EDM, 0, 250, 0, 0, 0, 77620, , 28.8, 80790
NC1, 50xPE 1xAL 4xCOT 1xHER=>16xMED, 4099, -991644, 10800, 6701, 349, CHP, 100, 300, 0, 0, 0, 18894, , 19.2, 79417
NC1, 1xES 1xALG 1xTHF=>4xNST, 2714, 5547, 6800, 4086, 341, LAB, 0, 100, 350, 0, 0, 124200, , 12, 14559
NC1, 3xAL 1xNL=>1xLDE, 2590, 4597, 4630, 2040, 340, PP2, 125, 125, 0, 0, 0, 32391, , 6, 344328
NC1, 120xPG 3xAL=>1xLSE, 2590, 5392, 4600, 2010, 335, PP2, 125, 125, 0, 0, 0, 32391, , 6, 86744
NC1, 150xPG 70xEPO=>1xDEC, 3070, 12894, 7000, 3930, 328, POL, 50, 125, 0, 0, 0, 38686, , 12, 15720
NC1, 1xWAI 1xTPU=>1xSTS, 26069, -920000, 40000, 13931, 290, AAF, 0, 0, 0, 40, 20, 1445288, , 48, 13931
NC1, 12xFLP 1xFC 1xAWF 1xPCB 1xSEN 1xWAI=>1xWR, 38456, -908675, 50000, 11544, 283, APF, 0, 0, 60, 20, 0, 1695288, , 40.8, -11544
NC1, 1xCOT 10xPG=>30xOVE, 469, 2169, 2250, 1781, 247, BMP, 500, 0, 0, 0, 0, 22390, Manu/Const, 7.2, 486093
NC1, 1xC 1xH 1xCL=>3xDDT, 1200, 4035, 5631, 4431, 246, LAB, 0, 100, 350, 0, 0, 124200, , 18, 190582
NC1, 1xHCP 1xO 1xS=>10xBAC, 3482, 292, 16000, 12518, 237, LAB, 0, 100, 350, 0, 0, 124200, , 52.8, 72144
NC1, 40xPG=>1xPSL, 170, 1198, 3550, 3380, 235, PPF, 0, 250, 0, 0, 0, 29268, , 14.4, 108983
NC1, 2xPSM 8xSFK 20xPG=>2xDCM, 2377, 3835, 5051, 2674, 223, PPF, 0, 250, 0, 0, 0, 29268, , 12, 40103
NC1, 1xCL 1xO 1xH=>3xTCL, 2900, 3675, 6000, 3100, 215, LAB, 0, 100, 350, 0, 0, 124200, , 14.4, 26067
NC1, 4xHCP 2xGRN 2xMAI=>4xC, 0, 1344, 1524, 1524, 192, INC, 200, 0, 0, 0, 0, 18438, Manu/Carbon, 7.92, 616949
NC1, 75xPG=>1xBDE, 170, 2247, 1321, 1151, 192, PP2, 125, 125, 0, 0, 0, 32391, , 6, 717115
NC1, 1xRCO=>1xCOT, 299, 498, 1600, 1301, 181, WPL, 0, 350, 0, 0, 0, 41530, , 7.2, 76422
NC1, 1xC=>100xNCS, 0, 445, 2500, 2500, 174, CLR, 0, 125, 75, 0, 0, 81180, , 14.4, 86850
NC1, 50xPG=>1xNL, 170, 1498, 2250, 2080, 173, WPL, 0, 350, 0, 0, 0, 41530, , 12, 361600
NC1, 4xDW 1xHER 1xAMM=>6xKOM, 1490, -999640, 2940, 1450, 173, FER, 0, 300, 0, 0, 0, 33385, , 8.4, 227469
NC1, 22xH2O 3xNS=>2xCAF, 299, 1200, 1300, 1001, 167, HYF, 80, 40, 0, 0, 0, 74752, , 6, 538181
NC1, 150xPE=>1xBDE, 180, 845, 1321, 1141, 158, PP1, 400, 0, 0, 0, 0, 19493, Const, 7.2, 708785
NC1, 16xH2O 1xHCP 1xNS=>8xRSI, 299, 830, 4000, 3701, 154, IVP, 0, 0, 140, 0, 0, 444388, , 24, 92525
NC1, 10xH2O=>7xDW, 0, 300, 354, 354, 147, FP, 200, 0, 0, 0, 0, 17994, Vict, 2.4, 2747400
NC1, 1xAL 3xTI=>4xAST, 4600, 5099, 6000, 1400, 146, ASM, 0, 0, 250, 100, 0, 68320, , 9.6, 31151
NC1, 1xMAI 1xBEA 1xNUT=>10xRAT, 0, 504, 870, 870, 145, FP, 200, 0, 0, 0, 0, 17994, Vict, 6, 1596086
NC1, 1xGRN 1xBEA 1xVEG=>10xRAT, 0, 415, 870, 870, 145, FP, 200, 0, 0, 0, 0, 17994, Vict, 6, 1596086
NC1, 1xGRN 1xBEA 1xNUT=>10xRAT, 0, 492, 870, 870, 145, FP, 200, 0, 0, 0, 0, 17994, Vict, 6, 1596086
NC1, 1xMAI 1xBEA 1xVEG=>10xRAT, 0, 427, 870, 870, 145, FP, 200, 0, 0, 0, 0, 17994, Vict, 6, 1596086
NC1, 1xRCO 50xPE=>20xOVE, 479, 780, 1500, 1021, 142, BMP, 500, 0, 0, 0, 0, 22390, Manu/Const, 7.2, 379498
NC1, 2xHE3 4xH=>100xFF, 659, 860, 1123, 465, 129, REF, 300, 100, 0, 0, 0, 35988, Fuel, 3.6, 183772
NC1, 4xAMM 4xH2O 4xNA=>20xTHF, 1590, 700, 4600, 3010, 125, LAB, 0, 100, 350, 0, 0, 124200, , 24, 6020
NC1, 1xBBH 1xSTL 50xEPO=>1xRBH, 8813, 8773, 10001, 1188, 124, PP3, 0, 100, 200, 0, 0, 68650, , 9.6, 17696
NC1, 1xC 2xH=>200xPE, 180, 625, 992, 812, 121, BMP, 500, 0, 0, 0, 0, 22390, Manu/Const, 6.7200003, 486183
NC1, 1xAMM 2xGAL 3xH=>100xSF, 640, 640, 1059, 419, 116, REF, 300, 100, 0, 0, 0, 35988, Fuel, 3.6, 145301
NC1, 1xH 1xC 1xMG=>50xPG, 170, 608, 1135, 965, 115, POL, 50, 125, 0, 0, 0, 38686, , 8.4, 2407315
NC1, 50xPG 1xNE=>1xAEF, 510, 1838, 1860, 1350, 113, PP2, 125, 125, 0, 0, 0, 32391, , 12, 140470
NC1, 1xNCS 4xLI=>1xPOW, 3680, 3233, 4210, 530, 110, ECA, 0, 40, 40, 0, 0, 518388, , 4.8, 540
NC1, 4xH2O 1xDDT=>4xHER, 1200, 2420, 6400, 5200, 108, FRM, 250, 0, 0, 0, 0, 14792, Vict/Carbon, 48, 831621
NC1, 1xC 1xH 1xCL 1xO=>50xEPO, 2900, 4120, 5500, 2600, 108, POL, 50, 125, 0, 0, 0, 38686, , 24, 490308
NC1, 10xH2O 4xNS=>2xRCO, 299, 1020, 852, 553, 105, HYF, 80, 40, 0, 0, 0, 74752, , 5.2799997, 112875
NC1, 1xCAF 3xDW=>3xCOF, 469, 955, 1203, 734, 102, FP, 200, 0, 0, 0, 0, 17994, Vict, 7.2, 259232
NC1, 16xH2O 2xNS=>12xALG, 299, 840, 1356, 1057, 98, HYF, 80, 40, 0, 0, 0, 74752, , 10.8, 186916
NC1, 4xHCP 2xMAI=>4xC, 0, 1024, 1524, 1524, 96, INC, 200, 0, 0, 0, 0, 18438, Manu/Carbon, 15.84, 616949
NC1, 4xHCP 2xGRN=>4xC, 0, 1000, 1524, 1524, 96, INC, 200, 0, 0, 0, 0, 18438, Manu/Carbon, 15.84, 616949
NC1, 1xMUS 1xVEG 1xGRN=>10xRAT, 299, 430, 870, 571, 95, FP, 200, 0, 0, 0, 0, 17994, Vict, 6, 412824
NC1, 1xMAI 1xALG 1xNUT=>10xRAT, 299, 539, 870, 571, 95, FP, 200, 0, 0, 0, 0, 17994, Vict, 6, 412824
NC1, 1xMUS 1xVEG 1xMAI=>10xRAT, 299, 442, 870, 571, 95, FP, 200, 0, 0, 0, 0, 17994, Vict, 6, 412824
NC1, 1xGRN 1xALG 1xNUT=>10xRAT, 299, 527, 870, 571, 95, FP, 200, 0, 0, 0, 0, 17994, Vict, 6, 412824
NC1, 1xGRN 1xALG 1xVEG=>10xRAT, 299, 450, 870, 571, 95, FP, 200, 0, 0, 0, 0, 17994, Vict, 6, 412824
NC1, 1xMAI 1xALG 1xVEG=>10xRAT, 299, 462, 870, 571, 95, FP, 200, 0, 0, 0, 0, 17994, Vict, 6, 412824
NC1, 1xMUS 1xNUT 1xGRN=>10xRAT, 299, 507, 870, 571, 95, FP, 200, 0, 0, 0, 0, 17994, Vict, 6, 412824
NC1, 1xMUS 1xNUT 1xMAI=>10xRAT, 299, 519, 870, 571, 95, FP, 200, 0, 0, 0, 0, 17994, Vict, 6, 412824
NC1, 1xSIO=>10xGL, 79, 79, 1600, 1521, 91, GF, 0, 400, 0, 0, 0, 49245, , 16.8, 57179
NC1, 4xNS=>12xMUS, 299, 720, 1380, 1081, 90, HYF, 80, 40, 0, 0, 0, 74752, , 12, 88678
NC1, 1xBMF 1xLD 1xSAL=>1xLOG, 54093, -985000, 56000, 1907, 88, APF, 0, 0, 60, 20, 0, 1695288, , 21.6, -1907
NC1, 16xH2O 1xNS=>6xVEG, 299, 660, 720, 421, 88, HYF, 80, 40, 0, 0, 0, 74752, , 4.8, 73753
NC1, 20xPG=>1xPSM, 170, 599, 968, 798, 83, PPF, 0, 250, 0, 0, 0, 29268, , 9.6, 74608
NC1, 14xH2O 1xNS=>8xHCP, 299, 600, 1080, 781, 81, HYF, 80, 40, 0, 0, 0, 74752, , 9.6, 159543
NC1, 4xLST 2xSIO=>50xMCG, 714, 714, 1200, 486, 81, BMP, 500, 0, 0, 0, 0, 22390, Manu/Const, 6, 161115
NC1, 100xPE 25xPG=>20xOVE, 350, 1312, 1500, 1150, 80, BMP, 500, 0, 0, 0, 0, 22390, Manu/Const, 14.4, 462168
NC1, 10xDW 4xPIB 1xCA 1xI 1xAMM=>20xVIT, 6584, -3998441, 8000, 1416, 74, FER, 0, 300, 0, 0, 0, 33385, , 19.2, 1416
NC1, 100xPE 1xAR 1xTHF=>20xINS, 1959, 1139, 2380, 421, 70, PP3, 0, 100, 200, 0, 0, 68650, , 6, 36610
NC1, 10xH2O 1xPG=>10xDW, 170, 330, 505, 335, 70, FP, 200, 0, 0, 0, 0, 17994, Vict, 4.8, 1204004
NC1, 10xPG=>1xPSS, 170, 300, 500, 330, 69, PPF, 0, 250, 0, 0, 0, 29268, , 4.8, 51060
NC1, 20xH2O 2xNS=>12xMAI, 299, 960, 1572, 1273, 66, HYF, 80, 40, 0, 0, 0, 74752, , 19.2, 134751
NC1, 4xMAI=>4xC, 0, 688, 1524, 1524, 64, INC, 200, 0, 0, 0, 0, 18438, Manu/Carbon, 24, 616949
NC1, 4xGRN=>4xC, 0, 640, 1524, 1524, 64, INC, 200, 0, 0, 0, 0, 18438, Manu/Carbon, 24, 616949
NC1, 4xHCP=>4xC, 0, 680, 1524, 1524, 64, INC, 200, 0, 0, 0, 0, 18438, Manu/Carbon, 24, 616949
NC1, 2xRAT 1xHER=>2xFIM, 1499, -999812, 2202, 703, 59, FP, 200, 0, 0, 0, 0, 17994, Vict, 12, 451569
NC1, 4xH2O=>4xGRN, 0, 120, 524, 524, 58, FRM, 250, 0, 0, 0, 0, 14792, Vict/Carbon, 9, 460564
NC1, 1xMGS=>6xMG, 80, 80, 246, 166, 58, BMP, 500, 0, 0, 0, 0, 22390, Manu/Const, 2.88, 17998
NC1, 2xH2O 4xNS=>2xRCO, 299, 780, 852, 553, 58, FRM, 250, 0, 0, 0, 0, 14792, Vict/Carbon, 9.6, 112875
NC1, 2xGRN 3xDW 1xHOP 1xAMM=>6xALE, 6040, 5719, 6900, 860, 56, FER, 0, 300, 0, 0, 0, 33385, , 15.36, 16501
NC1, 1xLST=>10xFLX, 139, 139, 800, 661, 55, CHP, 100, 300, 0, 0, 0, 18894, , 12, 105705
NC1, 1xKV 2xAU 4xPCB 6xSWF=>3xAAR, 21619, 26880, 22500, 881, 55, ELP, 0, 0, 80, 0, 0, 416416, , 16.08, 5874
NC1, 1xF 1xO=>2xBL, 7700, 6085, 9000, 1300, 54, LAB, 0, 100, 350, 0, 0, 124200, , 24, 19000
NC1, 3xHAL 1xH2O=>2xNA 1xCL, 1110, 1140, 1859, 749, 54, CHP, 100, 300, 0, 0, 0, 18894, , 13.92, 476323
NC1, 4xAU 1xFE=>5xBGO, 3522, 4004, 4000, 478, 50, FS, 0, 250, 0, 0, 0, 25358, , 9.6, 1912
NC1, 4xH2O=>12xMAI, 0, 120, 1572, 1572, 47, FRM, 250, 0, 0, 0, 0, 14792, Vict/Carbon, 33.6, 170680
NC1, 2xH2O=>4xHCP, 0, 60, 540, 540, 45, FRM, 250, 0, 0, 0, 0, 14792, Vict/Carbon, 12, 228911
NC1, 6xH2O=>4xBEA, 0, 180, 428, 428, 45, FRM, 250, 0, 0, 0, 0, 14792, Vict/Carbon, 9.6, 115174
NC1, 3xH2O=>4xVEG, 0, 90, 480, 480, 44, FRM, 250, 0, 0, 0, 0, 14792, Vict/Carbon, 10.8, 143270
NC1, 1xH2O=>4xGRN, 0, 30, 524, 524, 44, FRM, 250, 0, 0, 0, 0, 14792, Vict/Carbon, 12, 460564
NC1, 2xH2O 2xN 1xLST=>4xNS, 299, 359, 500, 201, 42, CHP, 100, 300, 0, 0, 0, 18894, , 4.8, 68200
NC1, 1xH2O=>2xBEA, 0, 30, 214, 214, 36, FRM, 250, 0, 0, 0, 0, 14792, Vict/Carbon, 6, 115174
NC1, 1xH2O=>12xNUT, 0, 30, 1260, 1260, 35, FRM, 250, 0, 0, 0, 0, 14792, Vict/Carbon, 36, 257553
NC1, n/a=>8xH2O, 0, 0, 220, 220, 35, RIG, 60, 0, 0, 0, 0, 18528, Vict, 6.3333335, 1326253
NC1, 10xGL 15xPG=>10xRG, 7025, 2799, 8010, 985, 32, GF, 0, 400, 0, 0, 0, 49245, , 31.2, 24414
NC1, 2xH2O=>1xRCO, 0, 60, 426, 426, 30, FRM, 250, 0, 0, 0, 0, 14792, Vict/Carbon, 14.4, 175366
NC1, 1xNS=>4xMUS, 299, 180, 460, 161, 22, HYF, 80, 40, 0, 0, 0, 74752, , 7.2, 32915
NC1, 3xTS=>2xHE3, 299, 299, 370, 72, 12, REF, 300, 100, 0, 0, 0, 35988, Fuel, 6, 15202
NC2, 4xLST 2xSIO=>50xMCG, 380, 380, 1500, 1120, 187, BMP, 600, 0, 0, 0, 0, 22390, Manu/Const, 6, 1579
NC2, 4xHCP 2xGRN 2xMAI=>4xC, 0, 840, 1320, 1320, 167, INC, 240, 0, 0, 0, 0, 18438, Manu/Carbon, 7.92, 16200
NC2, 1xC 2xH=>200xPE, 160, 660, 1000, 840, 125, BMP, 600, 0, 0, 0, 0, 22390, Manu/Const, 6.7200003, 8400
NC2, 10xH2O=>7xDW, 0, 380, 280, 280, 117, FP, 240, 0, 0, 0, 0, 17994, Vict, 2.4, 17800
NC2, 1xGRN 1xBEA 1xNUT=>10xRAT, 0, -999790, 690, 690, 115, FP, 240, 0, 0, 0, 0, 17994, Vict, 6, 133300
NC2, 1xGRN 1xBEA 1xVEG=>10xRAT, 0, -999790, 690, 690, 115, FP, 240, 0, 0, 0, 0, 17994, Vict, 6, 133300
NC2, 1xMAI 1xBEA 1xNUT=>10xRAT, 0, -999790, 690, 690, 115, FP, 240, 0, 0, 0, 0, 17994, Vict, 6, 133300
NC2, 1xMAI 1xBEA 1xVEG=>10xRAT, 0, -999790, 690, 690, 115, FP, 240, 0, 0, 0, 0, 17994, Vict, 6, 133300
NC2, 4xHCP 2xGRN=>4xC, 0, 620, 1320, 1320, 83, INC, 240, 0, 0, 0, 0, 18438, Manu/Carbon, 15.84, 16200
NC2, 4xHCP 2xMAI=>4xC, 0, 620, 1320, 1320, 83, INC, 240, 0, 0, 0, 0, 18438, Manu/Carbon, 15.84, 16200
NC2, 4xMAI=>4xC, 0, 440, 1320, 1320, 55, INC, 240, 0, 0, 0, 0, 18438, Manu/Carbon, 24, 16200
NC2, 4xGRN=>4xC, 0, 440, 1320, 1320, 55, INC, 240, 0, 0, 0, 0, 18438, Manu/Carbon, 24, 16200
NC2, 4xHCP=>4xC, 0, 400, 1320, 1320, 55, INC, 240, 0, 0, 0, 0, 18438, Manu/Carbon, 24, 16200
NC2, 6xH2O=>4xBEA, 0, 228, 360, 360, 38, FRM, 300, 0, 0, 0, 0, 14792, Vict/Carbon, 9.6, 2160
NC2, 1xH2O=>12xNUT, 0, 38, 1080, 1080, 30, FRM, 300, 0, 0, 0, 0, 14792, Vict/Carbon, 36, 2160
NC2, 1xH2O=>2xBEA, 0, 38, 180, 180, 30, FRM, 300, 0, 0, 0, 0, 14792, Vict/Carbon, 6, 2160
NC2, n/a=>8xH2O, 0, 0, 168, 168, 27, RIG, 90, 0, 0, 0, 0, 18528, Vict, 6.3333335, 210000
NC2, 1xAMM 2xGAL 3xH=>100xSF, 520, 520, 600, 80, 22, REF, 360, 120, 0, 0, 0, 35988, Fuel, 3.6, 80
